PropertyId,SalePrice
2,380573
15,328419
23,346768
34,385610
38,275568
39,304117
41,313594
43,319617
53,321079
54,296859
55,320772
62,366170
64,311480
69,317746
79,292614
86,301777
95,252979
97,274437
98,237532
99,284146
101,306301
106,314022
110,350401
117,278481
121,309736
122,340365
124,296079
131,286398
136,318727
138,288336
153,329235
154,291855
159,316454
160,212503
161,326177
163,275716
165,344658
171,279086
176,393486
179,339676
180,285429
186,249057
191,355314
196,186015
203,259390
206,427124
207,380746
208,312036
209,306938
214,304572
217,308350
223,301073
225,221479
230,249620
232,326235
233,363195
234,334573
236,417903
240,489624
246,325951
248,413370
250,401795
255,326381
257,323198
264,305137
269,269737
270,348443
272,241305
276,262084
281,321914
297,337821
299,333409
300,356801
305,311698
309,191622
332,232781
335,256500
337,247792
345,399391
354,310774
361,208782
379,351539
381,306817
386,197980
394,291777
398,342761
401,350405
405,404850
406,212481
407,311906
411,296169
412,385333
421,415416
422,299887
423,267439
427,296130
431,348582
435,266793
443,355378
448,254380
455,240521
459,221993
463,244541
467,298187
469,329394
480,317774
486,281352
487,273590
501,374055
502,295911
511,289666
519,300486
521,245517
538,326581
547,320031
556,262551
560,320266
562,412455
572,430025
573,308279
575,292997
584,304513
585,256752
594,327514
595,329841
598,262167
603,262442
619,341228
632,272881
633,262157
659,354611
661,283398
663,373978
665,299290
669,288251
676,305477
677,435269
685,316625
686,312917
688,278337
703,305287
710,373834
713,379317
715,378136
726,257212
727,379760
732,345068
734,285390
737,385512
743,349721
745,304527
748,384420
754,274427
755,351019
758,209545
772,313389
773,360525
776,261694
778,346478
795,356419
801,309171
804,273443
813,436283
823,227988
830,317370
833,294311
834,273410
841,248867
843,352591
844,317971
852,332688
857,227714
858,259280
866,364755
870,306382
872,322309
878,274736
886,367633
888,291127
890,389444
895,392128
897,285894
900,285915
904,355999
909,332360
910,333947
921,365359
930,293749
932,267676
950,327026
953,317953
960,290017
964,353076
970,352276
973,270036
979,280291
1013,454908
1015,276980
1021,379254
1022,275577
1025,296972
1026,349947
1036,312963
1037,338612
1047,278160
1055,261324
1061,326937
1064,344992
1076,328315
1082,319729
1084,323555
1085,246185
1091,261398
1095,285455
1097,270965
1098,325603
1110,337061
1114,303679
1119,273329
1129,275335
1134,271939
1136,289600
1138,356386
1144,370278
1147,275261
1152,360490
1153,245482
1157,329527
1163,458884
1165,271666
1167,390695
1172,392330
1175,284831
1176,465176
1178,377186
1186,321029
1188,367590
1193,308072
1196,243038
1200,321479
1201,265348
1204,318869
1206,322825
1208,328899
1213,232498
1215,389115
1224,385361
1228,406071
1234,273647
1238,414423
1249,344701
1254,319342
1255,357102
1259,357027
1263,338997
1269,484948
1270,371631
1272,324278
1275,257121
1278,319927
1281,367384
1292,285046
1294,270198
1301,394881
1303,360117
1308,376059
1313,332726
1317,246513
1321,287560
1332,319809
1333,378300
1336,273142
1339,280727
1345,280026
1348,411938
1352,279014
1364,272711
1365,286270
1366,260877
1379,441254
1382,343886
1390,332750
1395,317055
1397,374676
1399,317865
1405,331555
1410,338678
1427,285683
1432,312634
1433,266309
1439,321860
1441,321513
1442,373926
1443,316302
1457,359400
